term,df,sumsq,meansq,statistic,p.value
Day,5.0,1260004067625491e8,2520008135250982e7,1.4251975655840943,0.2437888237735153
Residuals,30.0,5304544849299257e8,17681816164330855e6,NA,NA
