Exp_N,Exp_mean,Exp_sd,Exp_se,Exp_cv
7,43525403547.61905,7664800849.2402115,2897022413.7037535,0.1760994781094797
